{"stats":{"minecraft:custom":{"minecraft:jump":41,"minecraft:leave_game":1,"minecraft:time_since_rest":17053,"minecraft:damage_dealt":14,"minecraft:crouch_one_cm":27,"minecraft:deaths":1,"minecraft:sprint_one_cm":4482,"minecraft:play_time":18769,"minecraft:damage_taken":255,"minecraft:time_since_death":17030,"minecraft:walk_one_cm":2117,"minecraft:sneak_time":24,"minecraft:total_world_time":18769,"minecraft:fall_one_cm":4540,"minecraft:fly_one_cm":5131},"minecraft:mined":{"minecraft:coarse_dirt":2,"minecraft:sand":2},"minecraft:killed_by":{"minecraft:zombie":1},"minecraft:picked_up":{"minecraft:coarse_dirt":2,"minecraft:sand":2}},"DataVersion":3839}