{"stats":{"minecraft:killed_by":{"minecraft:zombie":1},"minecraft:custom":{"minecraft:jump":95,"minecraft:time_since_rest":54,"minecraft:leave_game":1,"minecraft:damage_dealt":310,"minecraft:crouch_one_cm":25,"minecraft:deaths":1,"minecraft:sprint_one_cm":10073,"minecraft:play_time":14566,"minecraft:damage_taken":225,"minecraft:time_since_death":31,"minecraft:walk_one_cm":3534,"minecraft:sneak_time":104,"minecraft:total_world_time":14566,"minecraft:fall_one_cm":3940,"minecraft:fly_one_cm":25015},"minecraft:mined":{"minecraft:short_grass":3}},"DataVersion":3839}